íë,ë°,ë²í¸,ì´ë¦,ì±ë³,íë²,íêµ êµ¬ê¸ ê³ì 
1,1,1,이서준,ë¨,10101,demo10101@demo.school.kr
1,1,2,박도윤,ì¬,10102,demo10102@demo.school.kr
1,1,3,정예준,ì¬,10103,demo10103@demo.school.kr
1,1,4,최시우,ì¬,10104,demo10104@demo.school.kr
1,1,5,조하준,ë¨,10105,demo10105@demo.school.kr
1,1,6,강주원,ë¨,10106,demo10106@demo.school.kr
1,1,7,윤지호,ë¨,10107,demo10107@demo.school.kr
1,1,8,장지훈,ì¬,10108,demo10108@demo.school.kr
1,1,9,임준서,ë¨,10109,demo10109@demo.school.kr
1,1,10,한건우,ì¬,10110,demo10110@demo.school.kr
1,1,11,오현우,ë¨,10111,demo10111@demo.school.kr
1,1,12,서승현,ë¨,10112,demo10112@demo.school.kr
1,1,13,신도현,ì¬,10113,demo10113@demo.school.kr
1,1,14,권수호,ì¬,10114,demo10114@demo.school.kr
1,1,15,황유준,ë¨,10115,demo10115@demo.school.kr
1,1,16,안태윤,ë¨,10116,demo10116@demo.school.kr
1,1,17,송정우,ì¬,10117,demo10117@demo.school.kr
1,1,18,류민재,ë¨,10118,demo10118@demo.school.kr
1,1,19,전우진,ë¨,10119,demo10119@demo.school.kr
1,1,20,홍재윤,ë¨,10120,demo10120@demo.school.kr
1,1,21,고한결,ì¬,10121,demo10121@demo.school.kr
1,1,22,문지원,ì¬,10122,demo10122@demo.school.kr
1,1,23,양승우,ë¨,10123,demo10123@demo.school.kr
1,1,24,손현준,ì¬,10124,demo10124@demo.school.kr
1,1,25,배은호,ì¬,10125,demo10125@demo.school.kr
1,1,26,백준혁,ì¬,10126,demo10126@demo.school.kr
1,1,27,허민성,ì¬,10127,demo10127@demo.school.kr
1,1,28,유시윤,ì¬,10128,demo10128@demo.school.kr
1,3,1,남동현,ì¬,10301,demo10301@demo.school.kr
1,3,2,심민준,ì¬,10302,demo10302@demo.school.kr
1,3,3,노서준,ë¨,10303,demo10303@demo.school.kr
1,3,4,하도윤,ë¨,10304,demo10304@demo.school.kr
1,3,5,곽예준,ì¬,10305,demo10305@demo.school.kr
1,3,6,성시우,ì¬,10306,demo10306@demo.school.kr
1,3,7,차하준,ë¨,10307,demo10307@demo.school.kr
1,3,8,주주원,ì¬,10308,demo10308@demo.school.kr
1,3,9,우지호,ë¨,10309,demo10309@demo.school.kr
1,3,10,구지훈,ì¬,10310,demo10310@demo.school.kr
1,3,11,민준서,ì¬,10311,demo10311@demo.school.kr
1,3,12,진건우,ì¬,10312,demo10312@demo.school.kr
1,3,13,나현우,ë¨,10313,demo10313@demo.school.kr
1,3,14,변승현,ë¨,10314,demo10314@demo.school.kr
1,3,15,엄도현,ì¬,10315,demo10315@demo.school.kr
1,3,16,원수호,ì¬,10316,demo10316@demo.school.kr
1,3,17,김유준,ë¨,10317,demo10317@demo.school.kr
1,3,18,이태윤,ì¬,10318,demo10318@demo.school.kr
1,3,19,박정우,ë¨,10319,demo10319@demo.school.kr
1,3,20,정민재,ì¬,10320,demo10320@demo.school.kr
1,3,21,최우진,ë¨,10321,demo10321@demo.school.kr
1,3,22,조재윤,ë¨,10322,demo10322@demo.school.kr
1,3,23,강한결,ì¬,10323,demo10323@demo.school.kr
1,3,24,윤지원,ì¬,10324,demo10324@demo.school.kr
1,3,25,장승우,ë¨,10325,demo10325@demo.school.kr
1,3,26,임현준,ì¬,10326,demo10326@demo.school.kr
1,3,27,한은호,ë¨,10327,demo10327@demo.school.kr
1,3,28,오준혁,ì¬,10328,demo10328@demo.school.kr
1,3,1,서민성,ì¬,10301,demo10301@demo.school.kr
1,3,2,신시윤,ì¬,10302,demo10302@demo.school.kr
1,3,3,권동현,ë¨,10303,demo10303@demo.school.kr
1,3,4,황민준,ë¨,10304,demo10304@demo.school.kr
1,3,5,안서준,ì¬,10305,demo10305@demo.school.kr
1,3,6,송도윤,ì¬,10306,demo10306@demo.school.kr
1,3,7,류예준,ë¨,10307,demo10307@demo.school.kr
1,3,8,전시우,ì¬,10308,demo10308@demo.school.kr
1,3,9,홍하준,ë¨,10309,demo10309@demo.school.kr
1,3,10,고주원,ì¬,10310,demo10310@demo.school.kr
1,3,11,문지호,ì¬,10311,demo10311@demo.school.kr
1,3,12,양지훈,ì¬,10312,demo10312@demo.school.kr
1,3,13,손준서,ë¨,10313,demo10313@demo.school.kr
1,3,14,배건우,ë¨,10314,demo10314@demo.school.kr
1,3,15,백현우,ì¬,10315,demo10315@demo.school.kr
1,3,16,허승현,ì¬,10316,demo10316@demo.school.kr
1,3,17,유도현,ë¨,10317,demo10317@demo.school.kr
1,3,18,남수호,ì¬,10318,demo10318@demo.school.kr
1,3,19,심유준,ë¨,10319,demo10319@demo.school.kr
1,3,20,노태윤,ì¬,10320,demo10320@demo.school.kr
1,3,21,하정우,ë¨,10321,demo10321@demo.school.kr
1,3,22,곽민재,ë¨,10322,demo10322@demo.school.kr
1,3,23,성우진,ì¬,10323,demo10323@demo.school.kr
1,3,24,차재윤,ì¬,10324,demo10324@demo.school.kr
1,3,25,주한결,ë¨,10325,demo10325@demo.school.kr
1,3,26,우지원,ì¬,10326,demo10326@demo.school.kr
1,3,27,구승우,ë¨,10327,demo10327@demo.school.kr
1,3,28,민현준,ì¬,10328,demo10328@demo.school.kr
1,4,1,진은호,ì¬,10401,demo10401@demo.school.kr
1,4,2,나준혁,ë¨,10402,demo10402@demo.school.kr
1,4,3,변민성,ë¨,10403,demo10403@demo.school.kr
1,4,4,엄시윤,ë¨,10404,demo10404@demo.school.kr
1,4,5,원동현,ì¬,10405,demo10405@demo.school.kr
1,4,6,김민준,ì¬,10406,demo10406@demo.school.kr
1,4,7,이서준,ì¬,10407,demo10407@demo.school.kr
1,4,8,박도윤,ë¨,10408,demo10408@demo.school.kr
1,4,9,정예준,ì¬,10409,demo10409@demo.school.kr
1,4,10,최시우,ì¬,10410,demo10410@demo.school.kr
1,4,11,조하준,ë¨,10411,demo10411@demo.school.kr
1,4,12,강주원,ì¬,10412,demo10412@demo.school.kr
1,4,13,윤지호,ë¨,10413,demo10413@demo.school.kr
1,4,14,장지훈,ë¨,10414,demo10414@demo.school.kr
1,4,15,임준서,ì¬,10415,demo10415@demo.school.kr
1,4,16,한건우,ë¨,10416,demo10416@demo.school.kr
1,4,17,오현우,ì¬,10417,demo10417@demo.school.kr
1,4,18,서승현,ë¨,10418,demo10418@demo.school.kr
1,4,19,신도현,ë¨,10419,demo10419@demo.school.kr
1,4,20,권수호,ì¬,10420,demo10420@demo.school.kr
1,4,21,황유준,ë¨,10421,demo10421@demo.school.kr
1,4,22,안태윤,ì¬,10422,demo10422@demo.school.kr
1,4,23,송정우,ë¨,10423,demo10423@demo.school.kr
1,4,24,류민재,ì¬,10424,demo10424@demo.school.kr
1,4,25,전우진,ì¬,10425,demo10425@demo.school.kr
1,4,26,홍재윤,ì¬,10426,demo10426@demo.school.kr
1,4,27,고한결,ì¬,10427,demo10427@demo.school.kr
1,4,28,문지원,ì¬,10428,demo10428@demo.school.kr
1,5,1,양승우,ì¬,10501,demo10501@demo.school.kr
1,5,2,손현준,ë¨,10502,demo10502@demo.school.kr
1,5,3,배은호,ì¬,10503,demo10503@demo.school.kr
1,5,4,백준혁,ë¨,10504,demo10504@demo.school.kr
1,5,5,허민성,ì¬,10505,demo10505@demo.school.kr
1,5,6,유시윤,ì¬,10506,demo10506@demo.school.kr
1,5,7,남동현,ë¨,10507,demo10507@demo.school.kr
1,5,8,심민준,ì¬,10508,demo10508@demo.school.kr
1,5,9,노서준,ì¬,10509,demo10509@demo.school.kr
1,5,10,하도윤,ë¨,10510,demo10510@demo.school.kr
1,5,11,곽예준,ë¨,10511,demo10511@demo.school.kr
1,5,12,성시우,ë¨,10512,demo10512@demo.school.kr
1,5,13,차하준,ë¨,10513,demo10513@demo.school.kr
1,5,14,주주원,ì¬,10514,demo10514@demo.school.kr
1,5,15,우지호,ì¬,10515,demo10515@demo.school.kr
1,5,16,구지훈,ë¨,10516,demo10516@demo.school.kr
1,5,17,민준서,ë¨,10517,demo10517@demo.school.kr
1,5,18,진건우,ì¬,10518,demo10518@demo.school.kr
1,5,19,나현우,ë¨,10519,demo10519@demo.school.kr
1,5,20,변승현,ì¬,10520,demo10520@demo.school.kr
1,5,21,엄도현,ì¬,10521,demo10521@demo.school.kr
1,5,22,원수호,ì¬,10522,demo10522@demo.school.kr
1,5,23,김유준,ì¬,10523,demo10523@demo.school.kr
1,5,24,이태윤,ì¬,10524,demo10524@demo.school.kr
1,5,25,박정우,ì¬,10525,demo10525@demo.school.kr
1,5,26,정민재,ë¨,10526,demo10526@demo.school.kr
1,5,27,최우진,ë¨,10527,demo10527@demo.school.kr
1,5,28,조재윤,ì¬,10528,demo10528@demo.school.kr
1,6,1,강한결,ì¬,10601,demo10601@demo.school.kr
1,6,2,윤지원,ì¬,10602,demo10602@demo.school.kr
1,6,3,장승우,ë¨,10603,demo10603@demo.school.kr
1,6,4,임현준,ë¨,10604,demo10604@demo.school.kr
1,6,5,한은호,ì¬,10605,demo10605@demo.school.kr
1,6,6,오준혁,ë¨,10606,demo10606@demo.school.kr
1,6,7,서민성,ì¬,10607,demo10607@demo.school.kr
1,6,8,신시윤,ë¨,10608,demo10608@demo.school.kr
1,6,9,권동현,ì¬,10609,demo10609@demo.school.kr
1,6,10,황민준,ì¬,10610,demo10610@demo.school.kr
1,6,11,안서준,ë¨,10611,demo10611@demo.school.kr
1,6,12,송도윤,ì¬,10612,demo10612@demo.school.kr
1,6,13,류예준,ì¬,10613,demo10613@demo.school.kr
1,6,14,전시우,ë¨,10614,demo10614@demo.school.kr
1,6,15,홍하준,ì¬,10615,demo10615@demo.school.kr
1,6,16,고주원,ë¨,10616,demo10616@demo.school.kr
1,6,17,문지호,ë¨,10617,demo10617@demo.school.kr
1,6,18,양지훈,ì¬,10618,demo10618@demo.school.kr
1,6,19,손준서,ë¨,10619,demo10619@demo.school.kr
1,6,20,배건우,ì¬,10620,demo10620@demo.school.kr
1,6,21,백현우,ë¨,10621,demo10621@demo.school.kr
1,6,22,허승현,ì¬,10622,demo10622@demo.school.kr
1,6,23,유도현,ë¨,10623,demo10623@demo.school.kr
1,6,24,남수호,ì¬,10624,demo10624@demo.school.kr
1,6,25,심유준,ë¨,10625,demo10625@demo.school.kr
1,6,26,노태윤,ë¨,10626,demo10626@demo.school.kr
1,6,27,하정우,ì¬,10627,demo10627@demo.school.kr
1,6,28,곽민재,ì¬,10628,demo10628@demo.school.kr
1,7,1,성우진,ì¬,10701,demo10701@demo.school.kr
1,7,2,차재윤,ë¨,10702,demo10702@demo.school.kr
1,7,3,주한결,ì¬,10703,demo10703@demo.school.kr
1,7,4,우지원,ë¨,10704,demo10704@demo.school.kr
1,7,5,구승우,ì¬,10705,demo10705@demo.school.kr
1,7,6,민현준,ì¬,10706,demo10706@demo.school.kr
1,7,7,진은호,ë¨,10707,demo10707@demo.school.kr
1,7,8,나준혁,ì¬,10708,demo10708@demo.school.kr
1,7,9,변민성,ì¬,10709,demo10709@demo.school.kr
1,7,10,엄시윤,ì¬,10710,demo10710@demo.school.kr
1,7,11,원동현,ì¬,10711,demo10711@demo.school.kr
1,7,12,김민준,ì¬,10712,demo10712@demo.school.kr
1,7,13,이서준,ë¨,10713,demo10713@demo.school.kr
1,7,14,박도윤,ë¨,10714,demo10714@demo.school.kr
1,7,15,정예준,ì¬,10715,demo10715@demo.school.kr
1,7,16,최시우,ë¨,10716,demo10716@demo.school.kr
1,7,17,조하준,ë¨,10717,demo10717@demo.school.kr
1,7,18,강주원,ë¨,10718,demo10718@demo.school.kr
1,7,19,윤지호,ì¬,10719,demo10719@demo.school.kr
1,7,20,장지훈,ì¬,10720,demo10720@demo.school.kr
1,7,21,임준서,ì¬,10721,demo10721@demo.school.kr
1,7,22,한건우,ì¬,10722,demo10722@demo.school.kr
1,7,23,오현우,ë¨,10723,demo10723@demo.school.kr
1,7,24,서승현,ë¨,10724,demo10724@demo.school.kr
1,7,25,신도현,ë¨,10725,demo10725@demo.school.kr
1,7,26,권수호,ë¨,10726,demo10726@demo.school.kr
1,7,27,황유준,ì¬,10727,demo10727@demo.school.kr
1,7,28,안태윤,ì¬,10728,demo10728@demo.school.kr
1,2,1,송정우,ì¬,10201,demo10201@demo.school.kr
1,2,2,류민재,ë¨,10202,demo10202@demo.school.kr
1,2,3,전우진,ë¨,10203,demo10203@demo.school.kr
1,2,4,홍재윤,ì¬,10204,demo10204@demo.school.kr
1,2,5,고한결,ì¬,10205,demo10205@demo.school.kr
1,2,6,문지원,ë¨,10206,demo10206@demo.school.kr
1,2,7,양승우,ë¨,10207,demo10207@demo.school.kr
1,2,8,손현준,ì¬,10208,demo10208@demo.school.kr
1,2,9,배은호,ë¨,10209,demo10209@demo.school.kr
1,2,10,백준혁,ì¬,10210,demo10210@demo.school.kr
1,2,11,허민성,ì¬,10211,demo10211@demo.school.kr
1,2,12,유시윤,ì¬,10212,demo10212@demo.school.kr
1,2,13,남동현,ì¬,10213,demo10213@demo.school.kr
1,2,14,심민준,ë¨,10214,demo10214@demo.school.kr
1,2,15,노서준,ë¨,10215,demo10215@demo.school.kr
1,2,16,하도윤,ë¨,10216,demo10216@demo.school.kr
1,2,17,곽예준,ë¨,10217,demo10217@demo.school.kr
1,2,18,성시우,ì¬,10218,demo10218@demo.school.kr
1,2,19,차하준,ì¬,10219,demo10219@demo.school.kr
1,2,20,주주원,ì¬,10220,demo10220@demo.school.kr
1,2,21,우지호,ë¨,10221,demo10221@demo.school.kr
1,2,22,구지훈,ì¬,10222,demo10222@demo.school.kr
1,2,23,민준서,ì¬,10223,demo10223@demo.school.kr
1,2,24,진건우,ì¬,10224,demo10224@demo.school.kr
1,2,25,나현우,ë¨,10225,demo10225@demo.school.kr
1,2,26,변승현,ë¨,10226,demo10226@demo.school.kr
1,2,27,엄도현,ì¬,10227,demo10227@demo.school.kr
1,2,28,원수호,ì¬,10228,demo10228@demo.school.kr